ticker,announcement_date,timing_class,entry_date,exit_date,signal,position_dir,entry_price,exit_price,holding_period_days,gross_return,transaction_cost,net_return,market_return,abnormal_return
COST,2016-03-02,AMC,2016-03-03,2016-03-10,-1,-1.0,151.6,152.87,5,-0.008377,0.002,-0.010377,-0.001201,-0.009579
GOOGL,2016-04-21,AMC,2016-04-22,2016-04-29,-1,-1.0,36.89,35.39,5,0.040514,0.002,0.038514,-0.012633,0.027881
MSFT,2016-04-21,AMC,2016-04-22,2016-04-29,-1,-1.0,51.78,49.87,5,0.036887,0.002,0.034887,-0.012633,0.024253
AAPL,2016-04-26,AMC,2016-04-27,2016-05-04,-1,-1.0,24.45,23.55,5,0.037109,0.002,0.035109,-0.020731,0.016378
META,2016-04-27,AMC,2016-04-28,2016-05-05,1,1.0,116.73,117.81,5,0.009252,0.002,0.007252,-0.011955,0.021207
AMZN,2016-04-28,AMC,2016-04-29,2016-05-06,1,1.0,32.98,33.7,5,0.021771,0.002,0.019771,-0.002956,0.024727
CVX,2016-04-29,BMO,2016-04-29,2016-05-06,1,1.0,102.18,101.86,5,-0.003132,0.002,-0.005132,-0.002956,-0.000175
XOM,2016-04-29,BMO,2016-04-29,2016-05-06,1,1.0,88.4,88.51,5,0.001244,0.002,-0.000756,-0.002956,0.004201
MSFT,2016-07-19,AMC,2016-07-20,2016-07-27,1,1.0,55.91,56.19,5,0.005008,0.002,0.003008,-0.002626,0.007634
AMZN,2016-07-28,AMC,2016-07-29,2016-08-05,1,1.0,37.94,38.3,5,0.009449,0.002,0.007449,0.004882,0.004567
XOM,2016-07-29,BMO,2016-07-29,2016-08-05,-1,-1.0,88.95,87.56,5,0.015627,0.002,0.013627,0.004882,0.020509
BAC,2016-10-17,BMO,2016-10-17,2016-10-24,1,1.0,16.05,16.77,5,0.04486,0.002,0.04286,0.011818,0.033041
AMZN,2016-10-27,AMC,2016-10-28,2016-11-04,-1,-1.0,38.82,37.75,5,0.027399,0.002,0.025399,-0.018773,0.008626
CVX,2016-10-28,BMO,2016-10-28,2016-11-04,1,1.0,103.82,104.78,5,0.009247,0.002,0.007247,-0.018773,0.02802
NVDA,2016-11-10,AMC,2016-11-11,2016-11-18,-1,-1.0,2.2,2.33,5,-0.061271,0.002,-0.063271,0.009611,-0.05166
GOOGL,2017-01-26,AMC,2017-01-27,2017-02-03,-1,-1.0,42.25,41.01,5,0.029466,0.002,0.027466,0.001616,0.031082
CVX,2017-01-27,BMO,2017-01-27,2017-02-03,-1,-1.0,113.79,113.57,5,0.001933,0.002,-6.7e-05,0.001616,0.003549
XOM,2017-01-31,BMO,2017-01-31,2017-02-07,1,1.0,83.89,82.77,5,-0.013351,0.002,-0.015351,0.006197,-0.019548
NVDA,2017-02-09,AMC,2017-02-10,2017-02-17,1,1.0,2.84,2.68,5,-0.05624,0.002,-0.05824,0.015464,-0.071704
WMT,2017-02-21,BMO,2017-02-21,2017-02-28,-1,-1.0,23.82,23.64,5,0.007278,0.002,0.005278,-8.5e-05,0.007193
COST,2017-03-02,AMC,2017-03-03,2017-03-10,-1,-1.0,170.26,165.37,5,0.028721,0.002,0.026721,-0.003062,0.025659
BAC,2017-04-18,BMO,2017-04-18,2017-04-25,1,1.0,22.71,23.98,5,0.055923,0.002,0.053923,0.020011,0.035911
CVX,2017-04-28,BMO,2017-04-28,2017-05-05,1,1.0,106.7,105.79,5,-0.008529,0.002,-0.010529,0.006804,-0.015333
META,2017-05-03,AMC,2017-05-04,2017-05-11,1,1.0,150.85,150.04,5,-0.00537,0.002,-0.00737,0.002597,-0.007966
NVDA,2017-05-09,AMC,2017-05-10,2017-05-17,-1,-1.0,3.03,3.19,5,-0.053013,0.002,-0.055013,-0.016884,-0.069898
COST,2017-05-25,AMC,2017-05-26,2017-06-05,1,1.0,177.86,182.08,5,0.023727,0.002,0.021727,0.009433,0.014294
MSFT,2017-07-20,AMC,2017-07-21,2017-07-28,1,1.0,73.79,73.04,5,-0.010164,0.002,-0.012164,0.000122,-0.010285
AMZN,2017-07-27,AMC,2017-07-28,2017-08-04,-1,-1.0,51.0,49.38,5,0.031822,0.002,0.029822,0.002025,0.033847
XOM,2017-07-28,BMO,2017-07-28,2017-08-04,-1,-1.0,79.6,80.21,5,-0.007663,0.002,-0.009663,0.002025,-0.005638
NVDA,2017-08-10,AMC,2017-08-11,2017-08-18,1,1.0,3.9,4.04,5,0.035522,0.002,0.033522,-0.005776,0.041298
WMT,2017-08-17,BMO,2017-08-17,2017-08-24,-1,-1.0,26.57,26.11,5,0.017064,0.002,0.015064,0.003702,0.020766
AMZN,2017-10-26,AMC,2017-10-27,2017-11-03,1,1.0,55.05,55.58,5,0.009673,0.002,0.007673,0.002872,0.006802
CVX,2017-10-27,BMO,2017-10-27,2017-11-03,-1,-1.0,113.54,114.99,5,-0.012771,0.002,-0.014771,0.002872,-0.009899
META,2017-11-01,AMC,2017-11-02,2017-11-09,1,1.0,178.92,179.3,5,0.002124,0.002,0.000124,0.002252,-0.000128
NVDA,2017-11-09,AMC,2017-11-10,2017-11-17,-1,-1.0,5.4,5.28,5,0.022115,0.002,0.020115,-0.000891,0.021224
BAC,2018-01-17,BMO,2018-01-17,2018-01-24,1,1.0,31.18,32.09,5,0.029185,0.002,0.027185,0.012768,0.016418
GOOGL,2018-02-01,AMC,2018-02-02,2018-02-09,-1,-1.0,55.96,52.31,5,0.065163,0.002,0.063163,-0.050644,0.014518
AMZN,2018-02-01,AMC,2018-02-02,2018-02-09,1,1.0,71.5,66.98,5,-0.063184,0.002,-0.065184,-0.050644,-0.01254
XOM,2018-02-02,BMO,2018-02-02,2018-02-09,-1,-1.0,84.53,75.78,5,0.103514,0.002,0.101514,-0.050644,0.052869
CVX,2018-02-02,BMO,2018-02-02,2018-02-09,-1,-1.0,118.58,113.5,5,0.04284,0.002,0.04084,-0.050644,-0.007804
NVDA,2018-02-08,AMC,2018-02-09,2018-02-16,1,1.0,5.8,6.1,5,0.050672,0.002,0.048672,0.044398,0.006275
WMT,2018-02-20,BMO,2018-02-20,2018-02-27,-1,-1.0,31.37,30.51,5,0.027521,0.002,0.025521,0.011164,0.038685
JPM,2018-04-13,BMO,2018-04-13,2018-04-20,-1,-1.0,110.3,111.47,5,-0.010607,0.002,-0.012607,0.005506,-0.005101
META,2018-04-25,AMC,2018-04-26,2018-05-03,1,1.0,174.16,174.02,5,-0.000804,0.002,-0.002804,-0.013856,0.013052
AMZN,2018-04-26,AMC,2018-04-27,2018-05-04,1,1.0,78.63,79.05,5,0.005297,0.002,0.003297,-0.002026,0.007323
CVX,2018-04-27,BMO,2018-04-27,2018-05-04,1,1.0,126.62,125.53,5,-0.008608,0.002,-0.010608,-0.002026,-0.006583
XOM,2018-04-27,BMO,2018-04-27,2018-05-04,-1,-1.0,77.79,76.9,5,0.011441,0.002,0.009441,-0.002026,0.009415
NVDA,2018-05-10,AMC,2018-05-11,2018-05-18,1,1.0,6.36,6.15,5,-0.033748,0.002,-0.035748,-0.005571,-0.028178
COST,2018-05-31,AMC,2018-06-01,2018-06-08,-1,-1.0,197.13,203.76,5,-0.033633,0.002,-0.035633,0.016776,-0.016856
GOOGL,2018-07-23,AMC,2018-07-24,2018-07-31,1,1.0,62.91,61.36,5,-0.024584,0.002,-0.026584,-0.000994,-0.023589
AMZN,2018-07-26,AMC,2018-07-27,2018-08-03,1,1.0,90.86,91.16,5,0.003313,0.002,0.001313,0.007746,-0.004434
XOM,2018-07-27,BMO,2018-07-27,2018-08-03,-1,-1.0,81.92,80.2,5,0.020996,0.002,0.018996,0.007746,0.028743
CVX,2018-07-27,BMO,2018-07-27,2018-08-03,-1,-1.0,125.97,124.05,5,0.015242,0.002,0.013242,0.007746,0.022988
NVDA,2018-08-16,AMC,2018-08-17,2018-08-24,-1,-1.0,6.12,6.81,5,-0.111919,0.002,-0.113919,0.008595,-0.103324
GOOGL,2018-10-25,AMC,2018-10-26,2018-11-02,1,1.0,54.19,53.57,5,-0.011313,0.002,-0.013313,0.024724,-0.036037
AMZN,2018-10-25,AMC,2018-10-26,2018-11-02,1,1.0,82.14,83.28,5,0.01383,0.002,0.01183,0.024724,-0.010894
META,2018-10-30,AMC,2018-10-31,2018-11-07,1,1.0,151.79,151.53,5,-0.001713,0.002,-0.003713,0.038355,-0.040068
NVDA,2018-11-15,AMC,2018-11-16,2018-11-26,-1,-1.0,4.11,3.83,5,0.069209,0.002,0.067209,-0.02276,0.046449
COST,2018-12-13,AMC,2018-12-14,2018-12-21,-1,-1.0,207.06,194.52,5,0.060562,0.002,0.058562,-0.075901,-0.015339
JPM,2019-01-15,BMO,2019-01-15,2019-01-23,-1,-1.0,101.68,102.68,5,-0.009835,0.002,-0.011835,0.011753,0.001919
XOM,2019-02-01,BMO,2019-02-01,2019-02-08,1,1.0,75.92,73.98,5,-0.025553,0.002,-0.027553,0.001518,-0.027071
NVDA,2019-02-14,AMC,2019-02-15,2019-02-25,-1,-1.0,3.93,3.97,5,-0.00858,0.002,-0.01058,0.007751,-0.000829
META,2019-04-24,AMC,2019-04-25,2019-05-02,-1,-1.0,193.26,192.53,5,0.003777,0.002,0.001777,-0.002979,0.000798
AMZN,2019-04-25,AMC,2019-04-26,2019-05-03,1,1.0,97.53,98.12,5,0.006065,0.002,0.004065,0.002113,0.003952
XOM,2019-04-26,BMO,2019-04-26,2019-05-03,-1,-1.0,80.49,77.47,5,0.03752,0.002,0.03552,0.002113,0.039633
NVDA,2019-05-16,AMC,2019-05-17,2019-05-24,-1,-1.0,3.91,3.63,5,0.072702,0.002,0.070702,-0.010705,0.061996
AMZN,2019-07-25,AMC,2019-07-26,2019-08-02,-1,-1.0,97.15,91.16,5,0.061661,0.002,0.059661,-0.031092,0.030569
GOOGL,2019-07-25,AMC,2019-07-26,2019-08-02,1,1.0,62.26,59.82,5,-0.03927,0.002,-0.04127,-0.031092,-0.008178
XOM,2019-08-02,BMO,2019-08-02,2019-08-09,-1,-1.0,71.75,70.84,5,0.012683,0.002,0.010683,-0.003417,0.009266
CVX,2019-08-02,BMO,2019-08-02,2019-08-09,-1,-1.0,120.73,122.42,5,-0.013998,0.002,-0.015998,-0.003417,-0.017416
NVDA,2019-08-15,AMC,2019-08-16,2019-08-23,-1,-1.0,3.99,4.06,5,-0.01805,0.002,-0.02005,-0.013848,-0.031898
AMZN,2019-10-24,AMC,2019-10-25,2019-11-01,-1,-1.0,88.07,89.57,5,-0.017095,0.002,-0.019095,0.015053,-0.002042
GOOGL,2019-10-28,AMC,2019-10-29,2019-11-05,-1,-1.0,63.03,64.57,5,-0.024416,0.002,-0.026416,0.012599,-0.011817
NVDA,2019-11-14,AMC,2019-11-15,2019-11-22,-1,-1.0,5.1,5.27,5,-0.032813,0.002,-0.034813,-0.002662,-0.035475
AMZN,2020-01-30,AMC,2020-01-31,2020-02-07,1,1.0,100.44,103.96,5,0.035127,0.002,0.033127,0.032543,0.002584
XOM,2020-01-31,BMO,2020-01-31,2020-02-07,-1,-1.0,62.12,61.47,5,0.010464,0.002,0.008464,0.032543,0.043006
GOOGL,2020-02-03,AMC,2020-02-04,2020-02-11,1,1.0,72.27,75.5,5,0.044728,0.002,0.042728,0.018842,0.025886
NVDA,2020-02-13,AMC,2020-02-14,2020-02-24,1,1.0,7.24,6.83,5,-0.056972,0.002,-0.058972,-0.044964,-0.012008
WMT,2020-02-18,BMO,2020-02-18,2020-02-25,-1,-1.0,39.88,38.13,5,0.043802,0.002,0.041802,-0.071511,-0.02771
JPM,2020-04-14,BMO,2020-04-14,2020-04-21,1,1.0,95.5,89.05,5,-0.067539,0.002,-0.069539,-0.03788,-0.029659
BAC,2020-04-15,BMO,2020-04-15,2020-04-22,-1,-1.0,22.19,21.8,5,0.017576,0.002,0.015576,0.004824,0.0224
GOOGL,2020-04-28,AMC,2020-04-29,2020-05-06,-1,-1.0,67.11,67.27,5,-0.002421,0.002,-0.004421,-0.030558,-0.03298
AMZN,2020-04-30,AMC,2020-05-01,2020-05-08,-1,-1.0,114.3,118.98,5,-0.040931,0.002,-0.042931,0.034124,-0.006807
XOM,2020-05-01,BMO,2020-05-01,2020-05-08,1,1.0,43.14,46.18,5,0.070468,0.002,0.068468,0.034124,0.036344
CVX,2020-05-01,BMO,2020-05-01,2020-05-08,1,1.0,89.44,95.47,5,0.067419,0.002,0.065419,0.034124,0.033295
NVDA,2020-05-21,AMC,2020-05-22,2020-06-01,1,1.0,9.03,8.81,5,-0.024373,0.002,-0.026373,0.03422,-0.058593
COST,2020-05-28,AMC,2020-05-29,2020-06-05,-1,-1.0,308.47,312.04,5,-0.011573,0.002,-0.013573,0.049356,0.037783
JPM,2020-07-14,BMO,2020-07-14,2020-07-21,-1,-1.0,98.21,99.41,5,-0.012219,0.002,-0.014219,0.019096,0.006877
BAC,2020-07-16,BMO,2020-07-16,2020-07-23,1,1.0,23.93,24.54,5,0.025491,0.002,0.023491,0.006764,0.018727
AMZN,2020-07-30,AMC,2020-07-31,2020-08-07,1,1.0,158.23,158.37,5,0.000878,0.002,-0.001122,0.024654,-0.023775
GOOGL,2020-07-30,AMC,2020-07-31,2020-08-07,1,1.0,74.4,74.92,5,0.007003,0.002,0.005003,0.024654,-0.017651
META,2020-07-30,AMC,2020-07-31,2020-08-07,1,1.0,253.67,268.44,5,0.058225,0.002,0.056225,0.024654,0.033571
AAPL,2020-07-30,AMC,2020-07-31,2020-08-07,1,1.0,106.26,111.11,5,0.045666,0.002,0.043666,0.024654,0.021012
XOM,2020-07-31,BMO,2020-07-31,2020-08-07,-1,-1.0,42.08,43.44,5,-0.032319,0.002,-0.034319,0.024654,-0.007665
CVX,2020-07-31,BMO,2020-07-31,2020-08-07,-1,-1.0,83.94,86.8,5,-0.034072,0.002,-0.036072,0.024654,-0.009418
WMT,2020-08-18,BMO,2020-08-18,2020-08-25,1,1.0,44.9,43.54,5,-0.030287,0.002,-0.032287,0.016182,-0.04647
NVDA,2020-08-19,AMC,2020-08-20,2020-08-27,-1,-1.0,12.14,12.63,5,-0.040133,0.002,-0.042133,0.029709,-0.010424
JPM,2020-10-13,BMO,2020-10-13,2020-10-20,1,1.0,100.78,100.37,5,-0.004068,0.002,-0.006068,-0.019279,0.01521
GOOGL,2020-10-29,AMC,2020-10-30,2020-11-06,1,1.0,80.81,87.99,5,0.088868,0.002,0.086868,0.072334,0.016534
META,2020-10-29,AMC,2020-10-30,2020-11-06,1,1.0,263.11,293.41,5,0.115161,0.002,0.113161,0.072334,0.042827
AMZN,2020-10-29,AMC,2020-10-30,2020-11-06,1,1.0,151.81,165.57,5,0.090648,0.002,0.088648,0.072334,0.018314
CVX,2020-10-30,BMO,2020-10-30,2020-11-06,1,1.0,69.5,71.15,5,0.023741,0.002,0.021741,0.072334,-0.048593
XOM,2020-10-30,BMO,2020-10-30,2020-11-06,1,1.0,32.62,32.78,5,0.004905,0.002,0.002905,0.072334,-0.067429
MSFT,2021-01-26,AMC,2021-01-27,2021-02-03,1,1.0,232.9,243.0,5,0.043366,0.002,0.041366,0.019871,0.023495
CVX,2021-01-29,BMO,2021-01-29,2021-02-05,-1,-1.0,85.2,89.26,5,-0.047653,0.002,-0.049653,0.047667,1.4e-05
AMZN,2021-02-02,AMC,2021-02-03,2021-02-10,1,1.0,165.63,164.33,5,-0.007834,0.002,-0.009834,0.021553,-0.029387
XOM,2021-02-02,BMO,2021-02-02,2021-02-09,1,1.0,45.63,50.63,5,0.109577,0.002,0.107577,0.022802,0.086775
GOOGL,2021-02-02,AMC,2021-02-03,2021-02-10,1,1.0,102.94,104.32,5,0.013405,0.002,0.011405,0.021553,-0.008148
WMT,2021-02-18,BMO,2021-02-18,2021-02-25,-1,-1.0,45.89,43.98,5,0.041479,0.002,0.039479,-0.021473,0.020006
COST,2021-03-04,AMC,2021-03-05,2021-03-12,-1,-1.0,317.32,331.14,5,-0.043552,0.002,-0.045552,0.027188,-0.016365
JPM,2021-04-14,BMO,2021-04-14,2021-04-21,1,1.0,151.21,150.54,5,-0.004431,0.002,-0.006431,0.011229,-0.01566
BAC,2021-04-15,UNKNOWN,2021-04-16,2021-04-23,1,1.0,39.15,39.18,5,0.000766,0.002,-0.001234,-0.001246,0.002013
GOOGL,2021-04-27,AMC,2021-04-28,2021-05-05,1,1.0,117.95,115.74,5,-0.018766,0.002,-0.020766,-0.003953,-0.014813
META,2021-04-28,AMC,2021-04-29,2021-05-06,1,1.0,329.51,320.02,5,-0.0288,0.002,-0.0308,-0.002357,-0.026444
AAPL,2021-04-28,AMC,2021-04-29,2021-05-06,1,1.0,133.48,129.74,5,-0.028019,0.002,-0.030019,-0.002357,-0.025662
AMZN,2021-04-29,AMC,2021-04-30,2021-05-07,1,1.0,173.37,164.58,5,-0.050703,0.002,-0.052703,0.01155,-0.062254
CVX,2021-04-30,BMO,2021-04-30,2021-05-07,-1,-1.0,103.07,110.02,5,-0.06743,0.002,-0.06943,0.01155,-0.055879
WMT,2021-05-18,BMO,2021-05-18,2021-05-25,1,1.0,47.3,47.45,5,0.00303,0.002,0.00103,0.015293,-0.012263
BAC,2021-07-14,BMO,2021-07-14,2021-07-21,1,1.0,38.86,38.46,5,-0.010293,0.002,-0.012293,-0.003874,-0.006419
AAPL,2021-07-27,AMC,2021-07-28,2021-08-04,1,1.0,144.98,146.95,5,0.013588,0.002,0.011588,0.000342,0.013246
GOOGL,2021-07-27,AMC,2021-07-28,2021-08-04,1,1.0,136.09,135.13,5,-0.007116,0.002,-0.009116,0.000342,-0.007458
AMZN,2021-07-29,AMC,2021-07-30,2021-08-06,1,1.0,166.38,167.25,5,0.005214,0.002,0.003214,0.009076,-0.003862
NVDA,2021-08-18,AMC,2021-08-19,2021-08-26,-1,-1.0,19.8,22.07,5,-0.114658,0.002,-0.116658,0.01455,-0.100108
AAPL,2021-10-28,AMC,2021-10-29,2021-11-05,-1,-1.0,149.8,151.28,5,-0.00988,0.002,-0.01188,0.020207,0.010327
AMZN,2021-10-28,AMC,2021-10-29,2021-11-05,-1,-1.0,168.62,175.95,5,-0.043458,0.002,-0.045458,0.020207,-0.023251
CVX,2021-10-29,BMO,2021-10-29,2021-11-05,1,1.0,114.49,114.74,5,0.002184,0.002,0.000184,0.020207,-0.018023
CVX,2022-01-28,BMO,2022-01-28,2022-02-04,-1,-1.0,130.61,135.88,5,-0.040349,0.002,-0.042349,0.015273,-0.025076
META,2022-02-02,AMC,2022-02-03,2022-02-10,-1,-1.0,237.76,228.07,5,0.040755,0.002,0.038755,0.00609,0.046846
AMZN,2022-02-03,AMC,2022-02-04,2022-02-11,1,1.0,157.64,153.29,5,-0.027569,0.002,-0.029569,-0.018364,-0.009205
JPM,2022-04-13,BMO,2022-04-13,2022-04-21,-1,-1.0,127.3,130.56,5,-0.025609,0.002,-0.027609,-0.011843,-0.037451
GOOGL,2022-04-26,AMC,2022-04-27,2022-05-04,-1,-1.0,114.29,122.26,5,-0.069702,0.002,-0.071702,0.028255,-0.041446
AMZN,2022-04-28,AMC,2022-04-29,2022-05-06,-1,-1.0,124.28,114.77,5,0.076512,0.002,0.074512,-0.001602,0.07491
XOM,2022-04-29,BMO,2022-04-29,2022-05-06,-1,-1.0,85.25,91.69,5,-0.075543,0.002,-0.077543,-0.001602,-0.077145
CVX,2022-04-29,BMO,2022-04-29,2022-05-06,-1,-1.0,156.67,170.69,5,-0.089487,0.002,-0.091487,-0.001602,-0.091089
WMT,2022-05-17,BMO,2022-05-17,2022-05-24,-1,-1.0,43.78,41.38,5,0.054968,0.002,0.052968,-0.03534,0.019628
JPM,2022-07-14,BMO,2022-07-14,2022-07-21,-1,-1.0,108.0,115.32,5,-0.067778,0.002,-0.069778,0.055251,-0.012527
BAC,2022-07-18,BMO,2022-07-18,2022-07-25,-1,-1.0,32.26,33.73,5,-0.045567,0.002,-0.047567,0.035659,-0.009908
GOOGL,2022-07-26,AMC,2022-07-27,2022-08-03,-1,-1.0,113.06,118.08,5,-0.044401,0.002,-0.046401,0.033438,-0.010963
MSFT,2022-07-26,AMC,2022-07-27,2022-08-03,-1,-1.0,268.74,282.47,5,-0.05109,0.002,-0.05309,0.033438,-0.017652
META,2022-07-27,AMC,2022-07-28,2022-08-04,-1,-1.0,160.72,170.57,5,-0.061287,0.002,-0.063287,0.019947,-0.041339
AMZN,2022-07-28,AMC,2022-07-29,2022-08-05,-1,-1.0,134.95,140.8,5,-0.043349,0.002,-0.045349,0.003592,-0.039757
NVDA,2022-08-24,AMC,2022-08-25,2022-09-01,-1,-1.0,17.91,13.94,5,0.221962,0.002,0.219962,-0.05504,0.166921
COST,2022-09-22,AMC,2022-09-23,2022-09-30,-1,-1.0,466.4,472.27,5,-0.012586,0.002,-0.014586,-0.02927,-0.041856
GOOGL,2022-10-25,AMC,2022-10-26,2022-11-02,-1,-1.0,94.93,86.97,5,0.083851,0.002,0.081851,-0.018716,0.065135
META,2022-10-26,AMC,2022-10-27,2022-11-03,-1,-1.0,97.94,88.91,5,0.092199,0.002,0.090199,-0.023607,0.068593
AMZN,2022-10-27,AMC,2022-10-28,2022-11-04,1,1.0,103.41,90.98,5,-0.120201,0.002,-0.122201,-0.032569,-0.087632
NVDA,2022-11-16,AMC,2022-11-17,2022-11-25,-1,-1.0,15.68,16.27,5,-0.037826,0.002,-0.039826,0.02052,-0.017306
COST,2022-12-08,AMC,2022-12-09,2022-12-16,-1,-1.0,483.02,461.45,5,0.044656,0.002,0.042656,-0.025453,0.019204
MSFT,2023-01-24,AMC,2023-01-25,2023-02-01,-1,-1.0,240.61,252.75,5,-0.050455,0.002,-0.052455,0.026102,-0.024353
CVX,2023-01-27,BMO,2023-01-27,2023-02-03,-1,-1.0,179.45,169.45,5,0.055726,0.002,0.053726,0.016442,0.072167
META,2023-02-01,AMC,2023-02-02,2023-02-09,-1,-1.0,188.77,177.92,5,0.057477,0.002,0.055477,-0.02325,0.034228
AMZN,2023-02-02,AMC,2023-02-03,2023-02-10,-1,-1.0,103.39,97.61,5,0.055905,0.002,0.053905,-0.010452,0.045453
GOOGL,2023-02-02,AMC,2023-02-03,2023-02-10,-1,-1.0,104.78,94.57,5,0.097442,0.002,0.095442,-0.010452,0.08699
AAPL,2023-02-02,AMC,2023-02-03,2023-02-10,-1,-1.0,154.5,151.01,5,0.022589,0.002,0.020589,-0.010452,0.012137
JPM,2023-04-14,BMO,2023-04-14,2023-04-21,1,1.0,138.73,140.54,5,0.013047,0.002,0.011047,-0.00063,0.013677
AMZN,2023-04-27,AMC,2023-04-28,2023-05-05,1,1.0,105.45,105.66,5,0.001992,0.002,-8e-06,-0.007934,0.009926
NVDA,2023-05-24,AMC,2023-05-25,2023-06-02,1,1.0,37.98,39.33,5,0.035466,0.002,0.033466,0.032003,0.003463
COST,2023-06-01,BMO,2023-06-01,2023-06-08,-1,-1.0,512.6,520.09,5,-0.014612,0.002,-0.016612,0.01733,0.002718
JPM,2023-07-14,BMO,2023-07-14,2023-07-21,1,1.0,149.77,154.95,5,0.034586,0.002,0.032586,0.006455,0.028132
XOM,2023-07-28,BMO,2023-07-28,2023-08-04,-1,-1.0,104.16,107.42,5,-0.031298,0.002,-0.033298,-0.022126,-0.053424
AMZN,2023-08-03,AMC,2023-08-04,2023-08-11,1,1.0,139.57,138.41,5,-0.008311,0.002,-0.010311,-0.002596,-0.005715
NVDA,2023-08-23,AMC,2023-08-24,2023-08-31,1,1.0,47.16,49.35,5,0.046477,0.002,0.044477,0.030809,0.015668
META,2023-10-25,AMC,2023-10-26,2023-11-02,1,1.0,288.35,310.87,5,0.078099,0.002,0.076099,0.04414,0.033959
AMZN,2023-10-26,AMC,2023-10-27,2023-11-03,1,1.0,127.74,138.6,5,0.085017,0.002,0.083017,0.058464,0.026552
CVX,2023-10-27,BMO,2023-10-27,2023-11-03,-1,-1.0,144.35,147.61,5,-0.022584,0.002,-0.024584,0.058464,0.03588
XOM,2023-10-27,BMO,2023-10-27,2023-11-03,-1,-1.0,105.55,107.78,5,-0.021127,0.002,-0.023127,0.058464,0.037337
WMT,2023-11-16,BMO,2023-11-16,2023-11-24,-1,-1.0,52.01,52.02,5,-0.000128,0.002,-0.002128,0.011261,0.011133
BAC,2024-01-12,BMO,2024-01-12,2024-01-22,-1,-1.0,32.8,32.55,5,0.007622,0.002,0.005622,0.014202,0.021824
JPM,2024-01-12,BMO,2024-01-12,2024-01-22,-1,-1.0,169.05,170.11,5,-0.00627,0.002,-0.00827,0.014202,0.007932
AMZN,2024-02-01,AMC,2024-02-02,2024-02-09,1,1.0,171.81,174.45,5,0.015366,0.002,0.013366,0.013857,0.001509
BAC,2024-04-16,BMO,2024-04-16,2024-04-23,-1,-1.0,34.68,38.37,5,-0.106401,0.002,-0.108401,0.00421,-0.102191
GOOGL,2024-04-25,AMC,2024-04-26,2024-05-03,1,1.0,171.95,167.24,5,-0.027392,0.002,-0.029392,0.005962,-0.033353
XOM,2024-04-26,BMO,2024-04-26,2024-05-03,-1,-1.0,117.96,116.0,5,0.016616,0.002,0.014616,0.005962,0.022577
AMZN,2024-08-01,UNKNOWN,2024-08-02,2024-08-09,1,1.0,167.9,166.94,5,-0.005718,0.002,-0.007718,0.000169,-0.005886
CVX,2024-08-02,BMO,2024-08-02,2024-08-09,-1,-1.0,148.55,144.99,5,0.023965,0.002,0.021965,0.000169,0.024134
AMZN,2024-10-31,AMC,2024-11-01,2024-11-08,1,1.0,197.93,208.18,5,0.051786,0.002,0.049786,0.047545,0.004241
